node,prompt,classname,level,classidx,isleaf
n00004258,a photo of a living thing.,living thing,0,999999,0
n00021939,a photo of a non-living thing.,non-living thing,0,999999,0
n00015388,a photo of a animal.,animal,1,999999,0
dummy65,a photo of a person.,person,1,999999,0
dummy21,a photo of a fungus.,fungus,1,999999,0
n00017222,a photo of a plant.,plant,1,999999,0
n03051540,a photo of a apparel.,apparel,1,999999,0
n00021265,a photo of a food.,food,1,999999,0
n03100490,a photo of a conveyance.,conveyance,1,999999,0
dummy63,a photo of a paraphernalia.,paraphernalia,1,999999,0
n03405265,a photo of a furnishing.,furnishing,1,999999,0
dummy44,a photo of a structure.,structure,1,999999,0
n01767661,a photo of a arthropod.,arthropod,2,999999,0
n01940736,a photo of a mollusk.,mollusk,2,999999,0
n01503061,a photo of a bird.,bird,2,999999,0
n01909422,a photo of a coelenterate.,coelenterate,2,999999,0
n01861778,a photo of a mammal.,mammal,2,999999,0
n02512053,a photo of a fish.,fish,2,999999,0
n02316707,a photo of a echinoderm.,echinoderm,2,999999,0
n01922303,a photo of a worm.,worm,2,999999,0
n01661091,a photo of a reptile.,reptile,2,999999,0
n01627424,a photo of a amphibian.,amphibian,2,999999,0
dummy66,a photo of a person.,person,2,999999,0
n12992868,a photo of a fungus.,fungus,2,999999,0
n13083586,a photo of a vascular plant.,vascular plant,2,999999,0
n02671780,a photo of a accessory.,accessory,2,999999,0
dummy32,a photo of a garment.,garment,2,999999,0
n04447443,a photo of a toiletry.,toiletry,2,999999,0
n07705711,a photo of a produce.,produce,2,999999,0
n07570720,a photo of a cooked food.,cooked food,2,999999,0
n07881800,a photo of a beverage.,beverage,2,999999,0
dummy54,a photo of a sled.,sled,2,999999,0
n03125870,a photo of a craft.,craft,2,999999,0
n04576211,a photo of a wheeled vehicle.,wheeled vehicle,2,999999,0
n02729837,a photo of a appliance.,appliance,2,999999,0
n03294048,a photo of a equipment.,equipment,2,999999,0
n03574816,a photo of a instrument.,instrument,2,999999,0
dummy38,a photo of a soft furnishings.,soft furnishings,2,999999,0
n03405725,a photo of a furniture.,furniture,2,999999,0
n04341686,a photo of a man-made structure.,man-made structure,2,999999,0
n09287968,a photo of a geological formation.,geological formation,2,999999,0
n02159955,a photo of a insect.,insect,3,999999,0
n01974773,a photo of a crustacean.,crustacean,3,999999,0
n01769347,a photo of a arachnid.,arachnid,3,999999,0
n01942177,a photo of a gastropod.,gastropod,3,999999,0
n01825930,a photo of a coraciiform bird.,coraciiform bird,3,999999,0
n01604330,a photo of a bird of prey.,bird of prey,3,999999,0
n01838038,a photo of a piciform bird.,piciform bird,3,999999,0
n01844917,a photo of a aquatic bird.,aquatic bird,3,999999,0
n01524359,a photo of a passerine.,passerine,3,999999,0
n01789386,a photo of a gallinaceous bird.,gallinaceous bird,3,999999,0
dummy6,a photo of a dummy6.,dummy6,3,999999,0
n01914163,a photo of a anthozoan.,anthozoan,3,999999,0
n02075296,a photo of a carnivore.,carnivore,3,999999,0
n02329401,a photo of a rodent.,rodent,3,999999,0
n01874434,a photo of a marsupial.,marsupial,3,999999,0
n01871875,a photo of a monotreme.,monotreme,3,999999,0
n02453611,a photo of a edentate.,edentate,3,999999,0
n02370806,a photo of a ungulate.,ungulate,3,999999,0
n02323449,a photo of a lagomorph.,lagomorph,3,999999,0
n02503127,a photo of a proboscidean.,proboscidean,3,999999,0
n02062017,a photo of a aquatic mammal.,aquatic mammal,3,999999,0
n02469914,a photo of a primate.,primate,3,999999,0
n02514825,a photo of a bony fish.,bony fish,3,999999,0
n01480516,a photo of a cartilaginous fish.,cartilaginous fish,3,999999,0
dummy9,a photo of a serpentes.,serpentes,3,999999,0
n01696633,a photo of a crocodilian reptile.,crocodilian reptile,3,999999,0
n01662622,a photo of a chelonian.,chelonian,3,999999,0
n01674216,a photo of a saurian.,saurian,3,999999,0
dummy7,a photo of a dummy7.,dummy7,3,999999,0
dummy8,a photo of a dummy8.,dummy8,3,999999,0
n00007846,a photo of a person.,person,3,999999,0
n12997654,a photo of a basidiomycete.,basidiomycete,3,999999,0
n11669921,a photo of a flower.,flower,3,999999,0
n03816005,a photo of a neckwear.,neckwear,3,999999,0
n03381126,a photo of a footwear.,footwear,3,999999,0
dummy39,a photo of a dummy39.,dummy39,3,999999,0
n03502509,a photo of a headdress.,headdress,3,999999,0
dummy52,a photo of a bag.,bag,3,999999,0
dummy35,a photo of a armor.,armor,3,999999,0
dummy34,a photo of a facial accessories.,facial accessories,3,999999,0
n03419014,a photo of a garment.,garment,3,999999,0
n03113152,a photo of a cosmetic.,cosmetic,3,999999,0
n13134947,a photo of a fruit.,fruit,3,999999,0
n07707451,a photo of a vegetable.,vegetable,3,999999,0
n07557434,a photo of a dish.,dish,3,999999,0
n07609840,a photo of a dessert.,dessert,3,999999,0
n01768244,a photo of a trilobite.,trilobite,3,69,1
n07810907,a photo of a condiment.,condiment,3,999999,0
n07622061,a photo of a baked goods.,baked goods,3,999999,0
n07884567,a photo of a alcohol.,alcohol,3,999999,0
n04235291,a photo of a sled.,sled,3,999999,0
n02686568,a photo of a aircraft.,aircraft,3,999999,0
n04530566,a photo of a vessel.,vessel,3,999999,0
n04464852,a photo of a tracked vehicle.,tracked vehicle,3,999999,0
dummy30,a photo of a cycles.,cycles,3,999999,0
n01784675,a photo of a centipede.,centipede,3,79,1
n04468005,a photo of a train.,train,3,999999,0
n02970849,a photo of a cart.,cart,3,999999,0
n03791235,a photo of a motor vehicle.,motor vehicle,3,999999,0
n03528263,a photo of a home appliance.,home appliance,3,999999,0
n03926148,a photo of a photographic equipment.,photographic equipment,3,999999,0
n04285146,a photo of a sports equipment.,sports equipment,3,999999,0
n03278248,a photo of a electronic equipment.,electronic equipment,3,999999,0
n04451818,a photo of a tool.,tool,3,999999,0
n03621049,a photo of a kitchen utensil.,kitchen utensil,3,999999,0
n04381994,a photo of a tableware.,tableware,3,999999,0
n04147495,a photo of a scientific instrument.,scientific instrument,3,999999,0
n03739693,a photo of a medical instrument.,medical instrument,3,999999,0
n04565375,a photo of a weapon.,weapon,3,999999,0
n03733925,a photo of a measuring instrument.,measuring instrument,3,999999,0
n03800933,a photo of a musical instrument.,musical instrument,3,999999,0
n03932670,a photo of a piece of cloth.,piece of cloth,3,999999,0
n03636649,a photo of a lamp.,lamp,3,999999,0
dummy56,a photo of a dummy56.,dummy56,3,999999,0
n03366823,a photo of a floor cover.,floor cover,3,999999,0
n04161981,a photo of a seat.,seat,3,999999,0
n04151581,a photo of a screen.,screen,3,999999,0
n04379243,a photo of a table.,table,3,999999,0
n04549122,a photo of a wall unit.,wall unit,3,999999,0
n02821943,a photo of a bedroom furniture.,bedroom furniture,3,999999,0
n02796623,a photo of a barrier.,barrier,3,999999,0
n02735688,a photo of a area.,area,3,999999,0
dummy73,a photo of a dummy73.,dummy73,3,999999,0
dummy78,a photo of a dummy78.,dummy78,3,999999,0
n01955084,a photo of a chiton.,chiton,3,116,1
dummy72,a photo of a dummy72.,dummy72,3,999999,0
n02913152,a photo of a building.,building,3,999999,0
dummy77,a photo of a dummy77.,dummy77,3,999999,0
n09359803,a photo of a mountain.,mountain,3,999999,0
n09433442,a photo of a shore.,shore,3,999999,0
n01440764,a photo of a tench.,tench,4,0,1
n01443537,a photo of a goldfish.,goldfish,4,1,1
n01484850,a photo of a great white shark.,great white shark,4,2,1
n01491361,a photo of a tiger shark.,tiger shark,4,3,1
n01494475,a photo of a hammerhead shark.,hammerhead shark,4,4,1
n01496331,a photo of a electric ray.,electric ray,4,5,1
n01498041,a photo of a stingray.,stingray,4,6,1
n01514668,a photo of a rooster.,rooster,4,7,1
n01514859,a photo of a hen.,hen,4,8,1
n01518878,a photo of a ostrich.,ostrich,4,9,1
n01530575,a photo of a brambling.,brambling,4,10,1
n01531178,a photo of a goldfinch.,goldfinch,4,11,1
n01532829,a photo of a house finch.,house finch,4,12,1
n01534433,a photo of a junco.,junco,4,13,1
n01537544,a photo of a indigo bunting.,indigo bunting,4,14,1
n01558993,a photo of a American robin.,American robin,4,15,1
n01560419,a photo of a bulbul.,bulbul,4,16,1
n01580077,a photo of a jay.,jay,4,17,1
n01582220,a photo of a magpie.,magpie,4,18,1
n01592084,a photo of a chickadee.,chickadee,4,19,1
n01601694,a photo of a American dipper.,American dipper,4,20,1
n01608432,a photo of a kite (bird of prey).,kite (bird of prey),4,21,1
n01614925,a photo of a bald eagle.,bald eagle,4,22,1
n01616318,a photo of a vulture.,vulture,4,23,1
n01622779,a photo of a great grey owl.,great grey owl,4,24,1
n01629819,a photo of a fire salamander.,fire salamander,4,25,1
n01630670,a photo of a smooth newt.,smooth newt,4,26,1
n01631663,a photo of a newt.,newt,4,27,1
n01632458,a photo of a spotted salamander.,spotted salamander,4,28,1
n01632777,a photo of a axolotl.,axolotl,4,29,1
n01641577,a photo of a American bullfrog.,American bullfrog,4,30,1
n01644373,a photo of a tree frog.,tree frog,4,31,1
n01644900,a photo of a tailed frog.,tailed frog,4,32,1
n01664065,a photo of a loggerhead sea turtle.,loggerhead sea turtle,4,33,1
n01665541,a photo of a leatherback sea turtle.,leatherback sea turtle,4,34,1
n01667114,a photo of a mud turtle.,mud turtle,4,35,1
n01667778,a photo of a terrapin.,terrapin,4,36,1
n01669191,a photo of a box turtle.,box turtle,4,37,1
n01675722,a photo of a banded gecko.,banded gecko,4,38,1
n01677366,a photo of a green iguana.,green iguana,4,39,1
n01682714,a photo of a Carolina anole.,Carolina anole,4,40,1
n01685808,a photo of a desert grassland whiptail lizard.,desert grassland whiptail lizard,4,41,1
n01687978,a photo of a agama.,agama,4,42,1
n01688243,a photo of a frilled-necked lizard.,frilled-necked lizard,4,43,1
n01689811,a photo of a alligator lizard.,alligator lizard,4,44,1
n01692333,a photo of a Gila monster.,Gila monster,4,45,1
n01693334,a photo of a European green lizard.,European green lizard,4,46,1
n01694178,a photo of a chameleon.,chameleon,4,47,1
n01695060,a photo of a Komodo dragon.,Komodo dragon,4,48,1
n01697457,a photo of a Nile crocodile.,Nile crocodile,4,49,1
n01698640,a photo of a American alligator.,American alligator,4,50,1
n01704323,a photo of a triceratops.,triceratops,4,51,1
n01728572,a photo of a worm snake.,worm snake,4,52,1
n01728920,a photo of a ring-necked snake.,ring-necked snake,4,53,1
n01729322,a photo of a eastern hog-nosed snake.,eastern hog-nosed snake,4,54,1
n01729977,a photo of a smooth green snake.,smooth green snake,4,55,1
n01734418,a photo of a kingsnake.,kingsnake,4,56,1
n01735189,a photo of a garter snake.,garter snake,4,57,1
n01737021,a photo of a water snake.,water snake,4,58,1
n01739381,a photo of a vine snake.,vine snake,4,59,1
n01740131,a photo of a night snake.,night snake,4,60,1
n01742172,a photo of a boa constrictor.,boa constrictor,4,61,1
n01744401,a photo of a African rock python.,African rock python,4,62,1
n01748264,a photo of a Indian cobra.,Indian cobra,4,63,1
n01749939,a photo of a green mamba.,green mamba,4,64,1
n01751748,a photo of a sea snake.,sea snake,4,65,1
n01753488,a photo of a Saharan horned viper.,Saharan horned viper,4,66,1
n01755581,a photo of a eastern diamondback rattlesnake.,eastern diamondback rattlesnake,4,67,1
n01756291,a photo of a sidewinder rattlesnake.,sidewinder rattlesnake,4,68,1
n01770081,a photo of a harvestman.,harvestman,4,70,1
n01770393,a photo of a scorpion.,scorpion,4,71,1
n01773157,a photo of a yellow garden spider.,yellow garden spider,4,72,1
n01773549,a photo of a barn spider.,barn spider,4,73,1
n01773797,a photo of a European garden spider.,European garden spider,4,74,1
n01774384,a photo of a southern black widow.,southern black widow,4,75,1
n01774750,a photo of a tarantula.,tarantula,4,76,1
n01775062,a photo of a wolf spider.,wolf spider,4,77,1
n01776313,a photo of a tick.,tick,4,78,1
n01795545,a photo of a black grouse.,black grouse,4,80,1
n01796340,a photo of a ptarmigan.,ptarmigan,4,81,1
n01797886,a photo of a ruffed grouse.,ruffed grouse,4,82,1
n01798484,a photo of a prairie grouse.,prairie grouse,4,83,1
n01806143,a photo of a peafowl.,peafowl,4,84,1
n01806567,a photo of a quail.,quail,4,85,1
n01807496,a photo of a partridge.,partridge,4,86,1
n01817953,a photo of a african grey parrot.,african grey parrot,4,87,1
n01818515,a photo of a macaw.,macaw,4,88,1
n01819313,a photo of a sulphur-crested cockatoo.,sulphur-crested cockatoo,4,89,1
n01820546,a photo of a lorikeet.,lorikeet,4,90,1
n01824575,a photo of a coucal.,coucal,4,91,1
n01828970,a photo of a bee eater.,bee eater,4,92,1
n01829413,a photo of a hornbill.,hornbill,4,93,1
n01833805,a photo of a hummingbird.,hummingbird,4,94,1
n01843065,a photo of a jacamar.,jacamar,4,95,1
n01843383,a photo of a toucan.,toucan,4,96,1
n01847000,a photo of a duck.,duck,4,97,1
n01855032,a photo of a red-breasted merganser.,red-breasted merganser,4,98,1
n01855672,a photo of a goose.,goose,4,99,1
n01860187,a photo of a black swan.,black swan,4,100,1
n01871265,a photo of a tusker.,tusker,4,101,1
n01872401,a photo of a echidna.,echidna,4,102,1
n01873310,a photo of a platypus.,platypus,4,103,1
n01877812,a photo of a wallaby.,wallaby,4,104,1
n01882714,a photo of a koala.,koala,4,105,1
n01883070,a photo of a wombat.,wombat,4,106,1
n01910747,a photo of a jellyfish.,jellyfish,4,107,1
n01914609,a photo of a sea anemone.,sea anemone,4,108,1
n01917289,a photo of a brain coral.,brain coral,4,109,1
n01924916,a photo of a flatworm.,flatworm,4,110,1
n01930112,a photo of a nematode.,nematode,4,111,1
n01943899,a photo of a conch.,conch,4,112,1
n01944390,a photo of a snail.,snail,4,113,1
n01945685,a photo of a slug.,slug,4,114,1
n01950731,a photo of a sea slug.,sea slug,4,115,1
n01968897,a photo of a chambered nautilus.,chambered nautilus,4,117,1
n01978287,a photo of a Dungeness crab.,Dungeness crab,4,118,1
n01978455,a photo of a rock crab.,rock crab,4,119,1
n01980166,a photo of a fiddler crab.,fiddler crab,4,120,1
n01981276,a photo of a red king crab.,red king crab,4,121,1
n01983481,a photo of a American lobster.,American lobster,4,122,1
n01984695,a photo of a spiny lobster.,spiny lobster,4,123,1
n01985128,a photo of a crayfish.,crayfish,4,124,1
n01986214,a photo of a hermit crab.,hermit crab,4,125,1
n01990800,a photo of a isopod.,isopod,4,126,1
n02002556,a photo of a white stork.,white stork,4,127,1
n02002724,a photo of a black stork.,black stork,4,128,1
n02006656,a photo of a spoonbill.,spoonbill,4,129,1
n02007558,a photo of a flamingo.,flamingo,4,130,1
n02009229,a photo of a little blue heron.,little blue heron,4,131,1
n02009912,a photo of a great egret.,great egret,4,132,1
n02011460,a photo of a bittern bird.,bittern bird,4,133,1
n02012849,a photo of a crane bird.,crane bird,4,134,1
n02013706,a photo of a limpkin.,limpkin,4,135,1
n02017213,a photo of a common gallinule.,common gallinule,4,136,1
n02018207,a photo of a American coot.,American coot,4,137,1
n02018795,a photo of a bustard.,bustard,4,138,1
n02025239,a photo of a ruddy turnstone.,ruddy turnstone,4,139,1
n02027492,a photo of a dunlin.,dunlin,4,140,1
n02028035,a photo of a common redshank.,common redshank,4,141,1
n02033041,a photo of a dowitcher.,dowitcher,4,142,1
n02037110,a photo of a oystercatcher.,oystercatcher,4,143,1
n02051845,a photo of a pelican.,pelican,4,144,1
n02056570,a photo of a king penguin.,king penguin,4,145,1
n02058221,a photo of a albatross.,albatross,4,146,1
n02066245,a photo of a grey whale.,grey whale,4,147,1
n02071294,a photo of a killer whale.,killer whale,4,148,1
n02074367,a photo of a dugong.,dugong,4,149,1
n02077923,a photo of a sea lion.,sea lion,4,150,1
n02085620,a photo of a Chihuahua.,Chihuahua,4,151,1
n02085782,a photo of a Japanese Chin.,Japanese Chin,4,152,1
n02085936,a photo of a Maltese.,Maltese,4,153,1
n02086079,a photo of a Pekingese.,Pekingese,4,154,1
n02086240,a photo of a Shih Tzu.,Shih Tzu,4,155,1
n02086646,a photo of a King Charles Spaniel.,King Charles Spaniel,4,156,1
n02086910,a photo of a Papillon.,Papillon,4,157,1
n02087046,a photo of a toy terrier.,toy terrier,4,158,1
n02087394,a photo of a Rhodesian Ridgeback.,Rhodesian Ridgeback,4,159,1
n02088094,a photo of a Afghan Hound.,Afghan Hound,4,160,1
n02088238,a photo of a Basset Hound.,Basset Hound,4,161,1
n02088364,a photo of a Beagle.,Beagle,4,162,1
n02088466,a photo of a Bloodhound.,Bloodhound,4,163,1
n02088632,a photo of a Bluetick Coonhound.,Bluetick Coonhound,4,164,1
n02089078,a photo of a Black and Tan Coonhound.,Black and Tan Coonhound,4,165,1
n02089867,a photo of a Treeing Walker Coonhound.,Treeing Walker Coonhound,4,166,1
n02089973,a photo of a English foxhound.,English foxhound,4,167,1
n02090379,a photo of a Redbone Coonhound.,Redbone Coonhound,4,168,1
n02090622,a photo of a borzoi.,borzoi,4,169,1
n02090721,a photo of a Irish Wolfhound.,Irish Wolfhound,4,170,1
n02091032,a photo of a Italian Greyhound.,Italian Greyhound,4,171,1
n02091134,a photo of a Whippet.,Whippet,4,172,1
n02091244,a photo of a Ibizan Hound.,Ibizan Hound,4,173,1
n02091467,a photo of a Norwegian Elkhound.,Norwegian Elkhound,4,174,1
n02091635,a photo of a Otterhound.,Otterhound,4,175,1
n02091831,a photo of a Saluki.,Saluki,4,176,1
n02092002,a photo of a Scottish Deerhound.,Scottish Deerhound,4,177,1
n02092339,a photo of a Weimaraner.,Weimaraner,4,178,1
n02093256,a photo of a Staffordshire Bull Terrier.,Staffordshire Bull Terrier,4,179,1
n02093428,a photo of a American Staffordshire Terrier.,American Staffordshire Terrier,4,180,1
n02093647,a photo of a Bedlington Terrier.,Bedlington Terrier,4,181,1
n02093754,a photo of a Border Terrier.,Border Terrier,4,182,1
n02093859,a photo of a Kerry Blue Terrier.,Kerry Blue Terrier,4,183,1
n02093991,a photo of a Irish Terrier.,Irish Terrier,4,184,1
n02094114,a photo of a Norfolk Terrier.,Norfolk Terrier,4,185,1
n02094258,a photo of a Norwich Terrier.,Norwich Terrier,4,186,1
n02094433,a photo of a Yorkshire Terrier.,Yorkshire Terrier,4,187,1
n02095314,a photo of a Wire Fox Terrier.,Wire Fox Terrier,4,188,1
n02095570,a photo of a Lakeland Terrier.,Lakeland Terrier,4,189,1
n02095889,a photo of a Sealyham Terrier.,Sealyham Terrier,4,190,1
n02096051,a photo of a Airedale Terrier.,Airedale Terrier,4,191,1
n02096177,a photo of a Cairn Terrier.,Cairn Terrier,4,192,1
n02096294,a photo of a Australian Terrier.,Australian Terrier,4,193,1
n02096437,a photo of a Dandie Dinmont Terrier.,Dandie Dinmont Terrier,4,194,1
n02096585,a photo of a Boston Terrier.,Boston Terrier,4,195,1
n02097047,a photo of a Miniature Schnauzer.,Miniature Schnauzer,4,196,1
n02097130,a photo of a Giant Schnauzer.,Giant Schnauzer,4,197,1
n02097209,a photo of a Standard Schnauzer.,Standard Schnauzer,4,198,1
n02097298,a photo of a Scottish Terrier.,Scottish Terrier,4,199,1
n02097474,a photo of a Tibetan Terrier.,Tibetan Terrier,4,200,1
n02097658,a photo of a Australian Silky Terrier.,Australian Silky Terrier,4,201,1
n02098105,a photo of a Soft-coated Wheaten Terrier.,Soft-coated Wheaten Terrier,4,202,1
n02098286,a photo of a West Highland White Terrier.,West Highland White Terrier,4,203,1
n02098413,a photo of a Lhasa Apso.,Lhasa Apso,4,204,1
n02099267,a photo of a Flat-Coated Retriever.,Flat-Coated Retriever,4,205,1
n02099429,a photo of a Curly-coated Retriever.,Curly-coated Retriever,4,206,1
n02099601,a photo of a Golden Retriever.,Golden Retriever,4,207,1
n02099712,a photo of a Labrador Retriever.,Labrador Retriever,4,208,1
n02099849,a photo of a Chesapeake Bay Retriever.,Chesapeake Bay Retriever,4,209,1
n02100236,a photo of a German Shorthaired Pointer.,German Shorthaired Pointer,4,210,1
n02100583,a photo of a Vizsla.,Vizsla,4,211,1
n02100735,a photo of a English Setter.,English Setter,4,212,1
n02100877,a photo of a Irish Setter.,Irish Setter,4,213,1
n02101006,a photo of a Gordon Setter.,Gordon Setter,4,214,1
n02101388,a photo of a Brittany dog.,Brittany dog,4,215,1
n02101556,a photo of a Clumber Spaniel.,Clumber Spaniel,4,216,1
n02102040,a photo of a English Springer Spaniel.,English Springer Spaniel,4,217,1
n02102177,a photo of a Welsh Springer Spaniel.,Welsh Springer Spaniel,4,218,1
n02102318,a photo of a Cocker Spaniel.,Cocker Spaniel,4,219,1
n02102480,a photo of a Sussex Spaniel.,Sussex Spaniel,4,220,1
n02102973,a photo of a Irish Water Spaniel.,Irish Water Spaniel,4,221,1
n02104029,a photo of a Kuvasz.,Kuvasz,4,222,1
n02104365,a photo of a Schipperke.,Schipperke,4,223,1
n02105056,a photo of a Groenendael dog.,Groenendael dog,4,224,1
n02105162,a photo of a Malinois.,Malinois,4,225,1
n02105251,a photo of a Briard.,Briard,4,226,1
n02105412,a photo of a Australian Kelpie.,Australian Kelpie,4,227,1
n02105505,a photo of a Komondor.,Komondor,4,228,1
n02105641,a photo of a Old English Sheepdog.,Old English Sheepdog,4,229,1
n02105855,a photo of a Shetland Sheepdog.,Shetland Sheepdog,4,230,1
n02106030,a photo of a collie.,collie,4,231,1
n02106166,a photo of a Border Collie.,Border Collie,4,232,1
n02106382,a photo of a Bouvier des Flandres dog.,Bouvier des Flandres dog,4,233,1
n02106550,a photo of a Rottweiler.,Rottweiler,4,234,1
n02106662,a photo of a German Shepherd Dog.,German Shepherd Dog,4,235,1
n02107142,a photo of a Dobermann.,Dobermann,4,236,1
n02107312,a photo of a Miniature Pinscher.,Miniature Pinscher,4,237,1
n02107574,a photo of a Greater Swiss Mountain Dog.,Greater Swiss Mountain Dog,4,238,1
n02107683,a photo of a Bernese Mountain Dog.,Bernese Mountain Dog,4,239,1
n02107908,a photo of a Appenzeller Sennenhund.,Appenzeller Sennenhund,4,240,1
n02108000,a photo of a Entlebucher Sennenhund.,Entlebucher Sennenhund,4,241,1
n02108089,a photo of a Boxer.,Boxer,4,242,1
n02108422,a photo of a Bullmastiff.,Bullmastiff,4,243,1
n02108551,a photo of a Tibetan Mastiff.,Tibetan Mastiff,4,244,1
n02108915,a photo of a French Bulldog.,French Bulldog,4,245,1
n02109047,a photo of a Great Dane.,Great Dane,4,246,1
n02109525,a photo of a St. Bernard.,St. Bernard,4,247,1
n02109961,a photo of a husky.,husky,4,248,1
n02110063,a photo of a Alaskan Malamute.,Alaskan Malamute,4,249,1
n02110185,a photo of a Siberian Husky.,Siberian Husky,4,250,1
n02110341,a photo of a Dalmatian.,Dalmatian,4,251,1
n02110627,a photo of a Affenpinscher.,Affenpinscher,4,252,1
n02110806,a photo of a Basenji.,Basenji,4,253,1
n02110958,a photo of a pug.,pug,4,254,1
n02111129,a photo of a Leonberger.,Leonberger,4,255,1
n02111277,a photo of a Newfoundland dog.,Newfoundland dog,4,256,1
n02111500,a photo of a Great Pyrenees dog.,Great Pyrenees dog,4,257,1
n02111889,a photo of a Samoyed.,Samoyed,4,258,1
n02112018,a photo of a Pomeranian.,Pomeranian,4,259,1
n02112137,a photo of a Chow Chow.,Chow Chow,4,260,1
n02112350,a photo of a Keeshond.,Keeshond,4,261,1
n02112706,a photo of a brussels griffon.,brussels griffon,4,262,1
n02113023,a photo of a Pembroke Welsh Corgi.,Pembroke Welsh Corgi,4,263,1
n02113186,a photo of a Cardigan Welsh Corgi.,Cardigan Welsh Corgi,4,264,1
n02113624,a photo of a Toy Poodle.,Toy Poodle,4,265,1
n02113712,a photo of a Miniature Poodle.,Miniature Poodle,4,266,1
n02113799,a photo of a Standard Poodle.,Standard Poodle,4,267,1
n02113978,a photo of a Mexican hairless dog (xoloitzcuintli).,Mexican hairless dog (xoloitzcuintli),4,268,1
n02114367,a photo of a grey wolf.,grey wolf,4,269,1
n02114548,a photo of a Alaskan tundra wolf.,Alaskan tundra wolf,4,270,1
n02114712,a photo of a red wolf or maned wolf.,red wolf or maned wolf,4,271,1
n02114855,a photo of a coyote.,coyote,4,272,1
n02115641,a photo of a dingo.,dingo,4,273,1
n02115913,a photo of a dhole.,dhole,4,274,1
n02116738,a photo of a African wild dog.,African wild dog,4,275,1
n02117135,a photo of a hyena.,hyena,4,276,1
n02119022,a photo of a red fox.,red fox,4,277,1
n02119789,a photo of a kit fox.,kit fox,4,278,1
n02120079,a photo of a Arctic fox.,Arctic fox,4,279,1
n02120505,a photo of a grey fox.,grey fox,4,280,1
n02123045,a photo of a tabby cat.,tabby cat,4,281,1
n02123159,a photo of a tiger cat.,tiger cat,4,282,1
n02123394,a photo of a Persian cat.,Persian cat,4,283,1
n02123597,a photo of a Siamese cat.,Siamese cat,4,284,1
n02124075,a photo of a Egyptian Mau.,Egyptian Mau,4,285,1
n02125311,a photo of a cougar.,cougar,4,286,1
n02127052,a photo of a lynx.,lynx,4,287,1
n02128385,a photo of a leopard.,leopard,4,288,1
n02128757,a photo of a snow leopard.,snow leopard,4,289,1
n02128925,a photo of a jaguar.,jaguar,4,290,1
n02129165,a photo of a lion.,lion,4,291,1
n02129604,a photo of a tiger.,tiger,4,292,1
n02130308,a photo of a cheetah.,cheetah,4,293,1
n02132136,a photo of a brown bear.,brown bear,4,294,1
n02133161,a photo of a American black bear.,American black bear,4,295,1
n02134084,a photo of a polar bear.,polar bear,4,296,1
n02134418,a photo of a sloth bear.,sloth bear,4,297,1
n02137549,a photo of a mongoose.,mongoose,4,298,1
n02138441,a photo of a meerkat.,meerkat,4,299,1
n02165105,a photo of a tiger beetle.,tiger beetle,4,300,1
n02165456,a photo of a ladybug.,ladybug,4,301,1
n02167151,a photo of a ground beetle.,ground beetle,4,302,1
n02168699,a photo of a longhorn beetle.,longhorn beetle,4,303,1
n02169497,a photo of a leaf beetle.,leaf beetle,4,304,1
n02172182,a photo of a dung beetle.,dung beetle,4,305,1
n02174001,a photo of a rhinoceros beetle.,rhinoceros beetle,4,306,1
n02177972,a photo of a weevil.,weevil,4,307,1
n02190166,a photo of a fly.,fly,4,308,1
n02206856,a photo of a bee.,bee,4,309,1
n02219486,a photo of a ant.,ant,4,310,1
n02226429,a photo of a grasshopper.,grasshopper,4,311,1
n02229544,a photo of a cricket insect.,cricket insect,4,312,1
n02231487,a photo of a stick insect.,stick insect,4,313,1
n02233338,a photo of a cockroach.,cockroach,4,314,1
n02236044,a photo of a praying mantis.,praying mantis,4,315,1
n02256656,a photo of a cicada.,cicada,4,316,1
n02259212,a photo of a leafhopper.,leafhopper,4,317,1
n02264363,a photo of a lacewing.,lacewing,4,318,1
n02268443,a photo of a dragonfly.,dragonfly,4,319,1
n02268853,a photo of a damselfly.,damselfly,4,320,1
n02276258,a photo of a red admiral butterfly.,red admiral butterfly,4,321,1
n02277742,a photo of a ringlet butterfly.,ringlet butterfly,4,322,1
n02279972,a photo of a monarch butterfly.,monarch butterfly,4,323,1
n02280649,a photo of a small white butterfly.,small white butterfly,4,324,1
n02281406,a photo of a sulphur butterfly.,sulphur butterfly,4,325,1
n02281787,a photo of a gossamer-winged butterfly.,gossamer-winged butterfly,4,326,1
n02317335,a photo of a starfish.,starfish,4,327,1
n02319095,a photo of a sea urchin.,sea urchin,4,328,1
n02321529,a photo of a sea cucumber.,sea cucumber,4,329,1
n02325366,a photo of a cottontail rabbit.,cottontail rabbit,4,330,1
n02326432,a photo of a hare.,hare,4,331,1
n02328150,a photo of a Angora rabbit.,Angora rabbit,4,332,1
n02342885,a photo of a hamster.,hamster,4,333,1
n02346627,a photo of a porcupine.,porcupine,4,334,1
n02356798,a photo of a fox squirrel.,fox squirrel,4,335,1
n02361337,a photo of a marmot.,marmot,4,336,1
n02363005,a photo of a beaver.,beaver,4,337,1
n02364673,a photo of a guinea pig.,guinea pig,4,338,1
n02389026,a photo of a common sorrel horse.,common sorrel horse,4,339,1
n02391049,a photo of a zebra.,zebra,4,340,1
n02395406,a photo of a pig.,pig,4,341,1
n02396427,a photo of a wild boar.,wild boar,4,342,1
n02397096,a photo of a warthog.,warthog,4,343,1
n02398521,a photo of a hippopotamus.,hippopotamus,4,344,1
n02403003,a photo of a ox.,ox,4,345,1
n02408429,a photo of a water buffalo.,water buffalo,4,346,1
n02410509,a photo of a bison.,bison,4,347,1
n02412080,a photo of a ram (adult male sheep).,ram (adult male sheep),4,348,1
n02415577,a photo of a bighorn sheep.,bighorn sheep,4,349,1
n02417914,a photo of a Alpine ibex.,Alpine ibex,4,350,1
n02422106,a photo of a hartebeest.,hartebeest,4,351,1
n02422699,a photo of a impala (antelope).,impala (antelope),4,352,1
n02423022,a photo of a gazelle.,gazelle,4,353,1
n02437312,a photo of a arabian camel.,arabian camel,4,354,1
n02437616,a photo of a llama.,llama,4,355,1
n02441942,a photo of a weasel.,weasel,4,356,1
n02442845,a photo of a mink.,mink,4,357,1
n02443114,a photo of a European polecat.,European polecat,4,358,1
n02443484,a photo of a black-footed ferret.,black-footed ferret,4,359,1
n02444819,a photo of a otter.,otter,4,360,1
n02445715,a photo of a skunk.,skunk,4,361,1
n02447366,a photo of a badger.,badger,4,362,1
n02454379,a photo of a armadillo.,armadillo,4,363,1
n02457408,a photo of a three-toed sloth.,three-toed sloth,4,364,1
n02480495,a photo of a orangutan.,orangutan,4,365,1
n02480855,a photo of a gorilla.,gorilla,4,366,1
n02481823,a photo of a chimpanzee.,chimpanzee,4,367,1
n02483362,a photo of a gibbon.,gibbon,4,368,1
n02483708,a photo of a siamang.,siamang,4,369,1
n02484975,a photo of a guenon.,guenon,4,370,1
n02486261,a photo of a patas monkey.,patas monkey,4,371,1
n02486410,a photo of a baboon.,baboon,4,372,1
n02487347,a photo of a macaque.,macaque,4,373,1
n02488291,a photo of a langur.,langur,4,374,1
n02488702,a photo of a black-and-white colobus.,black-and-white colobus,4,375,1
n02489166,a photo of a proboscis monkey.,proboscis monkey,4,376,1
n02490219,a photo of a marmoset.,marmoset,4,377,1
n02492035,a photo of a white-headed capuchin.,white-headed capuchin,4,378,1
n02492660,a photo of a howler monkey.,howler monkey,4,379,1
n02493509,a photo of a titi monkey.,titi monkey,4,380,1
n02493793,a photo of a Geoffroy's spider monkey.,Geoffroy's spider monkey,4,381,1
n02494079,a photo of a common squirrel monkey.,common squirrel monkey,4,382,1
n02497673,a photo of a ring-tailed lemur.,ring-tailed lemur,4,383,1
n02500267,a photo of a indri.,indri,4,384,1
n02504013,a photo of a Asian elephant.,Asian elephant,4,385,1
n02504458,a photo of a African bush elephant.,African bush elephant,4,386,1
n02509815,a photo of a red panda.,red panda,4,387,1
n02510455,a photo of a giant panda.,giant panda,4,388,1
n02514041,a photo of a snoek fish.,snoek fish,4,389,1
n02526121,a photo of a eel.,eel,4,390,1
n02536864,a photo of a silver salmon.,silver salmon,4,391,1
n02606052,a photo of a rock beauty fish.,rock beauty fish,4,392,1
n02607072,a photo of a clownfish.,clownfish,4,393,1
n02640242,a photo of a sturgeon.,sturgeon,4,394,1
n02641379,a photo of a gar fish.,gar fish,4,395,1
n02643566,a photo of a lionfish.,lionfish,4,396,1
n02655020,a photo of a pufferfish.,pufferfish,4,397,1
n02666196,a photo of a abacus.,abacus,4,398,1
n02667093,a photo of a abaya.,abaya,4,399,1
n02669723,a photo of a academic gown.,academic gown,4,400,1
n02672831,a photo of a accordion.,accordion,4,401,1
n02676566,a photo of a acoustic guitar.,acoustic guitar,4,402,1
n02687172,a photo of a aircraft carrier.,aircraft carrier,4,403,1
n02690373,a photo of a airliner.,airliner,4,404,1
n02692877,a photo of a airship.,airship,4,405,1
n02699494,a photo of a altar.,altar,4,406,1
n02701002,a photo of a ambulance.,ambulance,4,407,1
n02704792,a photo of a amphibious vehicle.,amphibious vehicle,4,408,1
n02708093,a photo of a analog clock.,analog clock,4,409,1
n02727426,a photo of a apiary.,apiary,4,410,1
n02730930,a photo of a apron.,apron,4,411,1
n02747177,a photo of a trash can.,trash can,4,412,1
n02749479,a photo of a assault rifle.,assault rifle,4,413,1
n02769748,a photo of a backpack.,backpack,4,414,1
n02776631,a photo of a bakery.,bakery,4,415,1
n02777292,a photo of a balance beam.,balance beam,4,416,1
n02782093,a photo of a balloon.,balloon,4,417,1
n02783161,a photo of a ballpoint pen.,ballpoint pen,4,418,1
n02786058,a photo of a Band-Aid.,Band-Aid,4,419,1
n02787622,a photo of a banjo.,banjo,4,420,1
n02788148,a photo of a baluster / handrail.,baluster / handrail,4,421,1
n02790996,a photo of a barbell.,barbell,4,422,1
n02791124,a photo of a barber chair.,barber chair,4,423,1
n02791270,a photo of a barbershop.,barbershop,4,424,1
n02793495,a photo of a barn.,barn,4,425,1
n02794156,a photo of a barometer.,barometer,4,426,1
n02795169,a photo of a barrel.,barrel,4,427,1
n02797295,a photo of a wheelbarrow.,wheelbarrow,4,428,1
n02799071,a photo of a baseball.,baseball,4,429,1
n02802426,a photo of a basketball.,basketball,4,430,1
n02804414,a photo of a bassinet.,bassinet,4,431,1
n02804610,a photo of a bassoon.,bassoon,4,432,1
n02807133,a photo of a swimming cap.,swimming cap,4,433,1
n02808304,a photo of a bath towel.,bath towel,4,434,1
n02808440,a photo of a bathtub.,bathtub,4,435,1
n02814533,a photo of a station wagon.,station wagon,4,436,1
n02814860,a photo of a lighthouse.,lighthouse,4,437,1
n02815834,a photo of a beaker.,beaker,4,438,1
n02817516,a photo of a military hat (bearskin or shako).,military hat (bearskin or shako),4,439,1
n02823428,a photo of a beer bottle.,beer bottle,4,440,1
n02823750,a photo of a beer glass.,beer glass,4,441,1
n02825657,a photo of a bell tower.,bell tower,4,442,1
n02834397,a photo of a baby bib.,baby bib,4,443,1
n02835271,a photo of a tandem bicycle.,tandem bicycle,4,444,1
n02837789,a photo of a bikini.,bikini,4,445,1
n02840245,a photo of a ring binder.,ring binder,4,446,1
n02841315,a photo of a binoculars.,binoculars,4,447,1
n02843684,a photo of a birdhouse.,birdhouse,4,448,1
n02859443,a photo of a boathouse.,boathouse,4,449,1
n02860847,a photo of a bobsleigh.,bobsleigh,4,450,1
n02865351,a photo of a bolo tie.,bolo tie,4,451,1
n02869837,a photo of a poke bonnet.,poke bonnet,4,452,1
n02870880,a photo of a bookcase.,bookcase,4,453,1
n02871525,a photo of a bookstore.,bookstore,4,454,1
n02877765,a photo of a bottle cap.,bottle cap,4,455,1
n02879718,a photo of a hunting bow.,hunting bow,4,456,1
n02883205,a photo of a bow tie.,bow tie,4,457,1
n02892201,a photo of a brass memorial plaque.,brass memorial plaque,4,458,1
n02892767,a photo of a bra.,bra,4,459,1
n02894605,a photo of a breakwater.,breakwater,4,460,1
n02895154,a photo of a breastplate.,breastplate,4,461,1
n02906734,a photo of a broom.,broom,4,462,1
n02909870,a photo of a bucket.,bucket,4,463,1
n02910353,a photo of a buckle.,buckle,4,464,1
n02916936,a photo of a bulletproof vest.,bulletproof vest,4,465,1
n02917067,a photo of a high-speed train.,high-speed train,4,466,1
n02927161,a photo of a butcher shop.,butcher shop,4,467,1
n02930766,a photo of a taxicab.,taxicab,4,468,1
n02939185,a photo of a cauldron.,cauldron,4,469,1
n02948072,a photo of a candle.,candle,4,470,1
n02950826,a photo of a cannon.,cannon,4,471,1
n02951358,a photo of a canoe.,canoe,4,472,1
n02951585,a photo of a can opener.,can opener,4,473,1
n02963159,a photo of a cardigan.,cardigan,4,474,1
n02965783,a photo of a car mirror.,car mirror,4,475,1
n02966193,a photo of a carousel.,carousel,4,476,1
n02966687,a photo of a tool kit.,tool kit,4,477,1
n02971356,a photo of a cardboard box / carton.,cardboard box / carton,4,478,1
n02974003,a photo of a car wheel.,car wheel,4,479,1
n02977058,a photo of a automated teller machine.,automated teller machine,4,480,1
n02978881,a photo of a cassette.,cassette,4,481,1
n02979186,a photo of a cassette player.,cassette player,4,482,1
n02980441,a photo of a castle.,castle,4,483,1
n02981792,a photo of a catamaran.,catamaran,4,484,1
n02988304,a photo of a CD player.,CD player,4,485,1
n02992211,a photo of a cello.,cello,4,486,1
n02992529,a photo of a mobile phone.,mobile phone,4,487,1
n02999410,a photo of a chain.,chain,4,488,1
n03000134,a photo of a chain-link fence.,chain-link fence,4,489,1
n03000247,a photo of a chain mail.,chain mail,4,490,1
n03000684,a photo of a chainsaw.,chainsaw,4,491,1
n03014705,a photo of a storage chest.,storage chest,4,492,1
n03016953,a photo of a chiffonier.,chiffonier,4,493,1
n03017168,a photo of a bell or wind chime.,bell or wind chime,4,494,1
n03018349,a photo of a china cabinet.,china cabinet,4,495,1
n03026506,a photo of a Christmas stocking.,Christmas stocking,4,496,1
n03028079,a photo of a church.,church,4,497,1
n03032252,a photo of a movie theater.,movie theater,4,498,1
n03041632,a photo of a cleaver.,cleaver,4,499,1
n03042490,a photo of a cliff dwelling.,cliff dwelling,4,500,1
n03045698,a photo of a cloak.,cloak,4,501,1
n03047690,a photo of a clogs.,clogs,4,502,1
n03062245,a photo of a cocktail shaker.,cocktail shaker,4,503,1
n03063599,a photo of a coffee mug.,coffee mug,4,504,1
n03063689,a photo of a coffeemaker.,coffeemaker,4,505,1
n03065424,a photo of a spiral or coil.,spiral or coil,4,506,1
n03075370,a photo of a combination lock.,combination lock,4,507,1
n03085013,a photo of a computer keyboard.,computer keyboard,4,508,1
n03089624,a photo of a candy store.,candy store,4,509,1
n03095699,a photo of a container ship.,container ship,4,510,1
n03100240,a photo of a convertible.,convertible,4,511,1
n03109150,a photo of a corkscrew.,corkscrew,4,512,1
n03110669,a photo of a cornet.,cornet,4,513,1
n03124043,a photo of a cowboy boot.,cowboy boot,4,514,1
n03124170,a photo of a cowboy hat.,cowboy hat,4,515,1
n03125729,a photo of a cradle.,cradle,4,516,1
n03126707,a photo of a construction crane.,construction crane,4,517,1
n03127747,a photo of a crash helmet.,crash helmet,4,518,1
n03127925,a photo of a crate.,crate,4,519,1
n03131574,a photo of a infant bed.,infant bed,4,520,1
n03133878,a photo of a Crock Pot.,Crock Pot,4,521,1
n03134739,a photo of a croquet ball.,croquet ball,4,522,1
n03141823,a photo of a crutch.,crutch,4,523,1
n03146219,a photo of a cuirass.,cuirass,4,524,1
n03160309,a photo of a dam.,dam,4,525,1
n03179701,a photo of a desk.,desk,4,526,1
n03180011,a photo of a desktop computer.,desktop computer,4,527,1
n03187595,a photo of a rotary dial telephone.,rotary dial telephone,4,528,1
n03188531,a photo of a diaper.,diaper,4,529,1
n03196217,a photo of a digital clock.,digital clock,4,530,1
n03197337,a photo of a digital watch.,digital watch,4,531,1
n03201208,a photo of a dining table.,dining table,4,532,1
n03207743,a photo of a dishcloth.,dishcloth,4,533,1
n03207941,a photo of a dishwasher.,dishwasher,4,534,1
n03208938,a photo of a disc brake.,disc brake,4,535,1
n03216828,a photo of a dock.,dock,4,536,1
n03218198,a photo of a dog sled.,dog sled,4,537,1
n03220513,a photo of a dome.,dome,4,538,1
n03223299,a photo of a doormat.,doormat,4,539,1
n03240683,a photo of a drilling rig.,drilling rig,4,540,1
n03249569,a photo of a drum.,drum,4,541,1
n03250847,a photo of a drumstick.,drumstick,4,542,1
n03255030,a photo of a dumbbell.,dumbbell,4,543,1
n03259280,a photo of a Dutch oven.,Dutch oven,4,544,1
n03271574,a photo of a electric fan.,electric fan,4,545,1
n03272010,a photo of a electric guitar.,electric guitar,4,546,1
n03272562,a photo of a electric locomotive.,electric locomotive,4,547,1
n03290653,a photo of a entertainment center.,entertainment center,4,548,1
n03291819,a photo of a envelope.,envelope,4,549,1
n03297495,a photo of a espresso machine.,espresso machine,4,550,1
n03314780,a photo of a face powder.,face powder,4,551,1
n03325584,a photo of a feather boa.,feather boa,4,552,1
n03337140,a photo of a filing cabinet.,filing cabinet,4,553,1
n03344393,a photo of a fireboat.,fireboat,4,554,1
n03345487,a photo of a fire truck.,fire truck,4,555,1
n03347037,a photo of a fire screen.,fire screen,4,556,1
n03355925,a photo of a flagpole.,flagpole,4,557,1
n03372029,a photo of a flute.,flute,4,558,1
n03376595,a photo of a folding chair.,folding chair,4,559,1
n03379051,a photo of a football helmet.,football helmet,4,560,1
n03384352,a photo of a forklift.,forklift,4,561,1
n03388043,a photo of a fountain.,fountain,4,562,1
n03388183,a photo of a fountain pen.,fountain pen,4,563,1
n03388549,a photo of a four-poster bed.,four-poster bed,4,564,1
n03393912,a photo of a freight car.,freight car,4,565,1
n03394916,a photo of a French horn.,French horn,4,566,1
n03400231,a photo of a frying pan.,frying pan,4,567,1
n03404251,a photo of a fur coat.,fur coat,4,568,1
n03417042,a photo of a garbage truck.,garbage truck,4,569,1
n03424325,a photo of a gas mask or respirator.,gas mask or respirator,4,570,1
n03425413,a photo of a gas pump.,gas pump,4,571,1
n03443371,a photo of a goblet.,goblet,4,572,1
n03444034,a photo of a go-kart.,go-kart,4,573,1
n03445777,a photo of a golf ball.,golf ball,4,574,1
n03445924,a photo of a golf cart.,golf cart,4,575,1
n03447447,a photo of a gondola.,gondola,4,576,1
n03447721,a photo of a gong.,gong,4,577,1
n03450230,a photo of a gown.,gown,4,578,1
n03452741,a photo of a grand piano.,grand piano,4,579,1
n03457902,a photo of a greenhouse.,greenhouse,4,580,1
n03459775,a photo of a radiator grille.,radiator grille,4,581,1
n03461385,a photo of a grocery store.,grocery store,4,582,1
n03467068,a photo of a guillotine.,guillotine,4,583,1
n03476684,a photo of a hair clip.,hair clip,4,584,1
n03476991,a photo of a hair spray.,hair spray,4,585,1
n03478589,a photo of a half-track.,half-track,4,586,1
n03481172,a photo of a hammer.,hammer,4,587,1
n03482405,a photo of a hamper.,hamper,4,588,1
n03483316,a photo of a hair dryer.,hair dryer,4,589,1
n03485407,a photo of a hand-held computer.,hand-held computer,4,590,1
n03485794,a photo of a handkerchief.,handkerchief,4,591,1
n03492542,a photo of a hard disk drive.,hard disk drive,4,592,1
n03494278,a photo of a harmonica.,harmonica,4,593,1
n03495258,a photo of a harp.,harp,4,594,1
n03496892,a photo of a combine harvester.,combine harvester,4,595,1
n03498962,a photo of a hatchet.,hatchet,4,596,1
n03527444,a photo of a holster.,holster,4,597,1
n03529860,a photo of a home theater.,home theater,4,598,1
n03530642,a photo of a honeycomb.,honeycomb,4,599,1
n03532672,a photo of a hook.,hook,4,600,1
n03534580,a photo of a hoop skirt.,hoop skirt,4,601,1
n03535780,a photo of a gymnastic horizontal bar.,gymnastic horizontal bar,4,602,1
n03538406,a photo of a horse-drawn vehicle.,horse-drawn vehicle,4,603,1
n03544143,a photo of a hourglass.,hourglass,4,604,1
n03584254,a photo of a iPod.,iPod,4,605,1
n03584829,a photo of a clothes iron.,clothes iron,4,606,1
n03590841,a photo of a carved pumpkin.,carved pumpkin,4,607,1
n03594734,a photo of a jeans.,jeans,4,608,1
n03594945,a photo of a jeep.,jeep,4,609,1
n03595614,a photo of a T-shirt.,T-shirt,4,610,1
n03598930,a photo of a jigsaw puzzle.,jigsaw puzzle,4,611,1
n03599486,a photo of a rickshaw.,rickshaw,4,612,1
n03602883,a photo of a joystick.,joystick,4,613,1
n03617480,a photo of a kimono.,kimono,4,614,1
n03623198,a photo of a knee pad.,knee pad,4,615,1
n03627232,a photo of a knot.,knot,4,616,1
n03630383,a photo of a lab coat.,lab coat,4,617,1
n03633091,a photo of a ladle.,ladle,4,618,1
n03637318,a photo of a lampshade.,lampshade,4,619,1
n03642806,a photo of a laptop computer.,laptop computer,4,620,1
n03649909,a photo of a lawn mower.,lawn mower,4,621,1
n03657121,a photo of a lens cap.,lens cap,4,622,1
n03658185,a photo of a letter opener.,letter opener,4,623,1
n03661043,a photo of a library.,library,4,624,1
n03662601,a photo of a lifeboat.,lifeboat,4,625,1
n03666591,a photo of a lighter.,lighter,4,626,1
n03670208,a photo of a limousine.,limousine,4,627,1
n03673027,a photo of a ocean liner.,ocean liner,4,628,1
n03676483,a photo of a lipstick.,lipstick,4,629,1
n03680355,a photo of a slip-on shoe.,slip-on shoe,4,630,1
n03690938,a photo of a lotion.,lotion,4,631,1
n03691459,a photo of a music speaker.,music speaker,4,632,1
n03692522,a photo of a loupe magnifying glass.,loupe magnifying glass,4,633,1
n03697007,a photo of a sawmill.,sawmill,4,634,1
n03706229,a photo of a magnetic compass.,magnetic compass,4,635,1
n03709823,a photo of a messenger bag.,messenger bag,4,636,1
n03710193,a photo of a mailbox.,mailbox,4,637,1
n03710637,a photo of a tights.,tights,4,638,1
n03710721,a photo of a one-piece bathing suit.,one-piece bathing suit,4,639,1
n03717622,a photo of a manhole cover.,manhole cover,4,640,1
n03720891,a photo of a maraca.,maraca,4,641,1
n03721384,a photo of a marimba.,marimba,4,642,1
n03724870,a photo of a mask.,mask,4,643,1
n03729826,a photo of a matchstick.,matchstick,4,644,1
n03733131,a photo of a maypole.,maypole,4,645,1
n03733281,a photo of a maze.,maze,4,646,1
n03733805,a photo of a measuring cup.,measuring cup,4,647,1
n03742115,a photo of a medicine cabinet.,medicine cabinet,4,648,1
n03743016,a photo of a megalith.,megalith,4,649,1
n03759954,a photo of a microphone.,microphone,4,650,1
n03761084,a photo of a microwave oven.,microwave oven,4,651,1
n03763968,a photo of a military uniform.,military uniform,4,652,1
n03764736,a photo of a milk can.,milk can,4,653,1
n03769881,a photo of a minibus.,minibus,4,654,1
n03770439,a photo of a miniskirt.,miniskirt,4,655,1
n03770679,a photo of a minivan.,minivan,4,656,1
n03773504,a photo of a missile.,missile,4,657,1
n03775071,a photo of a mitten.,mitten,4,658,1
n03775546,a photo of a mixing bowl.,mixing bowl,4,659,1
n03776460,a photo of a mobile home.,mobile home,4,660,1
n03777568,a photo of a ford model t.,ford model t,4,661,1
n03777754,a photo of a modem.,modem,4,662,1
n03781244,a photo of a monastery.,monastery,4,663,1
n03782006,a photo of a monitor.,monitor,4,664,1
n03785016,a photo of a moped.,moped,4,665,1
n03786901,a photo of a mortar and pestle.,mortar and pestle,4,666,1
n03787032,a photo of a graduation cap.,graduation cap,4,667,1
n03788195,a photo of a mosque.,mosque,4,668,1
n03788365,a photo of a mosquito net.,mosquito net,4,669,1
n03791053,a photo of a vespa.,vespa,4,670,1
n03792782,a photo of a mountain bike.,mountain bike,4,671,1
n03792972,a photo of a tent.,tent,4,672,1
n03793489,a photo of a computer mouse.,computer mouse,4,673,1
n03794056,a photo of a mousetrap.,mousetrap,4,674,1
n03796401,a photo of a moving van.,moving van,4,675,1
n03803284,a photo of a muzzle.,muzzle,4,676,1
n03804744,a photo of a metal nail.,metal nail,4,677,1
n03814639,a photo of a neck brace.,neck brace,4,678,1
n03814906,a photo of a necklace.,necklace,4,679,1
n03825788,a photo of a baby pacifier.,baby pacifier,4,680,1
n03832673,a photo of a notebook computer.,notebook computer,4,681,1
n03837869,a photo of a obelisk.,obelisk,4,682,1
n03838899,a photo of a oboe.,oboe,4,683,1
n03840681,a photo of a ocarina.,ocarina,4,684,1
n03841143,a photo of a odometer.,odometer,4,685,1
n03843555,a photo of a oil filter.,oil filter,4,686,1
n03854065,a photo of a pipe organ.,pipe organ,4,687,1
n03857828,a photo of a oscilloscope.,oscilloscope,4,688,1
n03866082,a photo of a overskirt.,overskirt,4,689,1
n03868242,a photo of a bullock cart.,bullock cart,4,690,1
n03868863,a photo of a oxygen mask.,oxygen mask,4,691,1
n03871628,a photo of a product packet / packaging.,product packet / packaging,4,692,1
n03873416,a photo of a paddle.,paddle,4,693,1
n03874293,a photo of a paddle wheel.,paddle wheel,4,694,1
n03874599,a photo of a padlock.,padlock,4,695,1
n03876231,a photo of a paintbrush.,paintbrush,4,696,1
n03877472,a photo of a pajamas.,pajamas,4,697,1
n03877845,a photo of a palace.,palace,4,698,1
n03884397,a photo of a pan flute.,pan flute,4,699,1
n03887697,a photo of a paper towel.,paper towel,4,700,1
n03888257,a photo of a parachute.,parachute,4,701,1
n03888605,a photo of a parallel bars.,parallel bars,4,702,1
n03891251,a photo of a park bench.,park bench,4,703,1
n03891332,a photo of a parking meter.,parking meter,4,704,1
n03895866,a photo of a railroad car.,railroad car,4,705,1
n03899768,a photo of a patio.,patio,4,706,1
n03902125,a photo of a payphone.,payphone,4,707,1
n03903868,a photo of a pedestal.,pedestal,4,708,1
n03908618,a photo of a pencil case.,pencil case,4,709,1
n03908714,a photo of a pencil sharpener.,pencil sharpener,4,710,1
n03916031,a photo of a perfume.,perfume,4,711,1
n03920288,a photo of a Petri dish.,Petri dish,4,712,1
n03924679,a photo of a photocopier.,photocopier,4,713,1
n03929660,a photo of a plectrum.,plectrum,4,714,1
n03929855,a photo of a Pickelhaube.,Pickelhaube,4,715,1
n03930313,a photo of a picket fence.,picket fence,4,716,1
n03930630,a photo of a pickup truck.,pickup truck,4,717,1
n03933933,a photo of a pier.,pier,4,718,1
n03935335,a photo of a piggy bank.,piggy bank,4,719,1
n03937543,a photo of a pill bottle.,pill bottle,4,720,1
n03938244,a photo of a pillow.,pillow,4,721,1
n03942813,a photo of a ping-pong ball.,ping-pong ball,4,722,1
n03944341,a photo of a pinwheel.,pinwheel,4,723,1
n03947888,a photo of a pirate ship.,pirate ship,4,724,1
n03950228,a photo of a drink pitcher.,drink pitcher,4,725,1
n03954731,a photo of a block plane.,block plane,4,726,1
n03956157,a photo of a planetarium.,planetarium,4,727,1
n03958227,a photo of a plastic bag.,plastic bag,4,728,1
n03961711,a photo of a plate rack.,plate rack,4,729,1
n03967562,a photo of a farm plow.,farm plow,4,730,1
n03970156,a photo of a plunger.,plunger,4,731,1
n03976467,a photo of a Polaroid camera.,Polaroid camera,4,732,1
n03976657,a photo of a pole.,pole,4,733,1
n03977966,a photo of a police van.,police van,4,734,1
n03980874,a photo of a poncho.,poncho,4,735,1
n03982430,a photo of a pool table.,pool table,4,736,1
n03983396,a photo of a soda bottle.,soda bottle,4,737,1
n03991062,a photo of a plant pot.,plant pot,4,738,1
n03992509,a photo of a potter's wheel.,potter's wheel,4,739,1
n03995372,a photo of a power drill.,power drill,4,740,1
n03998194,a photo of a prayer rug.,prayer rug,4,741,1
n04004767,a photo of a printer.,printer,4,742,1
n04005630,a photo of a prison.,prison,4,743,1
n04008634,a photo of a missile.,missile,4,744,1
n04009552,a photo of a projector.,projector,4,745,1
n04019541,a photo of a hockey puck.,hockey puck,4,746,1
n04023962,a photo of a punching bag.,punching bag,4,747,1
n04026417,a photo of a purse.,purse,4,748,1
n04033901,a photo of a quill.,quill,4,749,1
n04033995,a photo of a quilt.,quilt,4,750,1
n04037443,a photo of a race car.,race car,4,751,1
n04039381,a photo of a racket.,racket,4,752,1
n04040759,a photo of a radiator.,radiator,4,753,1
n04041544,a photo of a radio.,radio,4,754,1
n04044716,a photo of a radio telescope.,radio telescope,4,755,1
n04049303,a photo of a rain barrel.,rain barrel,4,756,1
dummy90,a photo of a recreational vehicle.,recreational vehicle,4,757,1
n04067472,a photo of a fishing casting reel.,fishing casting reel,4,758,1
n04069434,a photo of a reflex camera.,reflex camera,4,759,1
n04070727,a photo of a refrigerator.,refrigerator,4,760,1
n04074963,a photo of a remote control.,remote control,4,761,1
n04081281,a photo of a restaurant.,restaurant,4,762,1
n04086273,a photo of a revolver.,revolver,4,763,1
n04090263,a photo of a rifle.,rifle,4,764,1
n04099969,a photo of a rocking chair.,rocking chair,4,765,1
n04111531,a photo of a rotisserie.,rotisserie,4,766,1
n04116512,a photo of a eraser.,eraser,4,767,1
n04118538,a photo of a rugby ball.,rugby ball,4,768,1
n04118776,a photo of a ruler measuring stick.,ruler measuring stick,4,769,1
n04120489,a photo of a sneaker.,sneaker,4,770,1
n04125021,a photo of a safe.,safe,4,771,1
n04127249,a photo of a safety pin.,safety pin,4,772,1
n04131690,a photo of a salt shaker.,salt shaker,4,773,1
n04133789,a photo of a sandal.,sandal,4,774,1
n04136333,a photo of a sarong.,sarong,4,775,1
n04141076,a photo of a saxophone.,saxophone,4,776,1
n04141327,a photo of a scabbard.,scabbard,4,777,1
n04141975,a photo of a weighing scale.,weighing scale,4,778,1
n04146614,a photo of a school bus.,school bus,4,779,1
n04147183,a photo of a schooner.,schooner,4,780,1
n04149813,a photo of a scoreboard.,scoreboard,4,781,1
n04152593,a photo of a CRT monitor.,CRT monitor,4,782,1
n04153751,a photo of a screw.,screw,4,783,1
n04154565,a photo of a screwdriver.,screwdriver,4,784,1
n04162706,a photo of a seat belt.,seat belt,4,785,1
n04179913,a photo of a sewing machine.,sewing machine,4,786,1
n04192698,a photo of a shield.,shield,4,787,1
n04200800,a photo of a shoe store.,shoe store,4,788,1
n04201297,a photo of a shoji screen / room divider.,shoji screen / room divider,4,789,1
n04204238,a photo of a shopping basket.,shopping basket,4,790,1
n04204347,a photo of a shopping cart.,shopping cart,4,791,1
n04208210,a photo of a shovel.,shovel,4,792,1
n04209133,a photo of a shower cap.,shower cap,4,793,1
n04209239,a photo of a shower curtain.,shower curtain,4,794,1
n04228054,a photo of a ski.,ski,4,795,1
n04229816,a photo of a balaclava ski mask.,balaclava ski mask,4,796,1
n04235860,a photo of a sleeping bag.,sleeping bag,4,797,1
n04238763,a photo of a slide rule.,slide rule,4,798,1
n04239074,a photo of a sliding door.,sliding door,4,799,1
n04243546,a photo of a slot machine.,slot machine,4,800,1
n04251144,a photo of a snorkel.,snorkel,4,801,1
n04252077,a photo of a snowmobile.,snowmobile,4,802,1
n04252225,a photo of a snowplow.,snowplow,4,803,1
n04254120,a photo of a soap dispenser.,soap dispenser,4,804,1
n04254680,a photo of a soccer ball.,soccer ball,4,805,1
n04254777,a photo of a sock.,sock,4,806,1
n04258138,a photo of a solar thermal collector.,solar thermal collector,4,807,1
n04259630,a photo of a sombrero.,sombrero,4,808,1
n04263257,a photo of a soup bowl.,soup bowl,4,809,1
n04264628,a photo of a keyboard space bar.,keyboard space bar,4,810,1
n04265275,a photo of a space heater.,space heater,4,811,1
n04266014,a photo of a space shuttle.,space shuttle,4,812,1
n04270147,a photo of a spatula.,spatula,4,813,1
n04273569,a photo of a motorboat.,motorboat,4,814,1
n04275548,a photo of a spider web.,spider web,4,815,1
n04277352,a photo of a spindle.,spindle,4,816,1
n04285008,a photo of a sports car.,sports car,4,817,1
n04286575,a photo of a spotlight.,spotlight,4,818,1
n04296562,a photo of a stage.,stage,4,819,1
n04310018,a photo of a steam locomotive.,steam locomotive,4,820,1
n04311004,a photo of a through arch bridge.,through arch bridge,4,821,1
n04311174,a photo of a steel drum.,steel drum,4,822,1
n04317175,a photo of a stethoscope.,stethoscope,4,823,1
n04325704,a photo of a scarf.,scarf,4,824,1
n04326547,a photo of a stone wall.,stone wall,4,825,1
n04328186,a photo of a stopwatch.,stopwatch,4,826,1
n04330267,a photo of a stove.,stove,4,827,1
n04332243,a photo of a strainer.,strainer,4,828,1
n04335435,a photo of a tram.,tram,4,829,1
n04336792,a photo of a stretcher.,stretcher,4,830,1
n04344873,a photo of a couch.,couch,4,831,1
n04346328,a photo of a stupa.,stupa,4,832,1
n04347754,a photo of a submarine.,submarine,4,833,1
n04350905,a photo of a suit.,suit,4,834,1
n04355338,a photo of a sundial.,sundial,4,835,1
n04355933,a photo of a sunglasses.,sunglasses,4,836,1
n04356056,a photo of a sunglasses.,sunglasses,4,837,1
n04357314,a photo of a sunscreen.,sunscreen,4,838,1
n04366367,a photo of a suspension bridge.,suspension bridge,4,839,1
n04367480,a photo of a mop.,mop,4,840,1
n04370456,a photo of a sweatshirt.,sweatshirt,4,841,1
n04371430,a photo of a swim trunks / shorts.,swim trunks / shorts,4,842,1
n04371774,a photo of a swing.,swing,4,843,1
n04372370,a photo of a electrical switch.,electrical switch,4,844,1
n04376876,a photo of a syringe.,syringe,4,845,1
n04380533,a photo of a table lamp,table lamp,4,846,1
n04389033,a photo of a tank.,tank,4,847,1
n04392985,a photo of a tape player.,tape player,4,848,1
n04398044,a photo of a teapot.,teapot,4,849,1
n04399382,a photo of a teddy bear.,teddy bear,4,850,1
n04404412,a photo of a television.,television,4,851,1
n04409515,a photo of a tennis ball.,tennis ball,4,852,1
n04417672,a photo of a thatched roof.,thatched roof,4,853,1
n04418357,a photo of a front curtain.,front curtain,4,854,1
n04423845,a photo of a thimble.,thimble,4,855,1
n04428191,a photo of a threshing machine.,threshing machine,4,856,1
n04429376,a photo of a throne.,throne,4,857,1
n04435653,a photo of a tile roof.,tile roof,4,858,1
n04442312,a photo of a toaster.,toaster,4,859,1
n04443257,a photo of a tobacco shop.,tobacco shop,4,860,1
n04447861,a photo of a toilet seat.,toilet seat,4,861,1
n04456115,a photo of a torch.,torch,4,862,1
n04458633,a photo of a totem pole.,totem pole,4,863,1
n04461696,a photo of a tow truck.,tow truck,4,864,1
n04462240,a photo of a toy store.,toy store,4,865,1
n04465501,a photo of a tractor.,tractor,4,866,1
n04467665,a photo of a semi-trailer truck.,semi-trailer truck,4,867,1
n04476259,a photo of a tray.,tray,4,868,1
n04479046,a photo of a trench coat.,trench coat,4,869,1
n04482393,a photo of a tricycle.,tricycle,4,870,1
n04483307,a photo of a trimaran.,trimaran,4,871,1
n04485082,a photo of a tripod.,tripod,4,872,1
n04486054,a photo of a triumphal arch.,triumphal arch,4,873,1
n04487081,a photo of a trolleybus.,trolleybus,4,874,1
n04487394,a photo of a trombone.,trombone,4,875,1
n04493381,a photo of a hot tub.,hot tub,4,876,1
n04501370,a photo of a turnstile.,turnstile,4,877,1
n04505470,a photo of a typewriter keyboard.,typewriter keyboard,4,878,1
n04507155,a photo of a umbrella.,umbrella,4,879,1
n04509417,a photo of a unicycle.,unicycle,4,880,1
n04515003,a photo of a upright piano.,upright piano,4,881,1
n04517823,a photo of a vacuum cleaner.,vacuum cleaner,4,882,1
n04522168,a photo of a vase.,vase,4,883,1
n04523525,a photo of a vaulted or arched ceiling.,vaulted or arched ceiling,4,884,1
n04525038,a photo of a velvet fabric.,velvet fabric,4,885,1
n04525305,a photo of a vending machine.,vending machine,4,886,1
n04532106,a photo of a vestment.,vestment,4,887,1
n04532670,a photo of a viaduct.,viaduct,4,888,1
n04536866,a photo of a violin.,violin,4,889,1
n04540053,a photo of a volleyball.,volleyball,4,890,1
n04542943,a photo of a waffle iron.,waffle iron,4,891,1
n04548280,a photo of a wall clock.,wall clock,4,892,1
n04548362,a photo of a wallet.,wallet,4,893,1
n04550184,a photo of a wardrobe.,wardrobe,4,894,1
n04552348,a photo of a military aircraft.,military aircraft,4,895,1
n04553703,a photo of a sink.,sink,4,896,1
n04554684,a photo of a washing machine.,washing machine,4,897,1
n04557648,a photo of a water bottle.,water bottle,4,898,1
n04560804,a photo of a water jug.,water jug,4,899,1
n04562935,a photo of a water tower.,water tower,4,900,1
n04579145,a photo of a whiskey jug.,whiskey jug,4,901,1
n04579432,a photo of a whistle.,whistle,4,902,1
n04584207,a photo of a hair wig.,hair wig,4,903,1
n04589890,a photo of a window screen.,window screen,4,904,1
n04590129,a photo of a window shade.,window shade,4,905,1
n04591157,a photo of a Windsor tie.,Windsor tie,4,906,1
n04591713,a photo of a wine bottle.,wine bottle,4,907,1
n04592741,a photo of a airplane wing.,airplane wing,4,908,1
n04596742,a photo of a wok.,wok,4,909,1
n04597913,a photo of a wooden spoon.,wooden spoon,4,910,1
n04599235,a photo of a wool.,wool,4,911,1
n04604644,a photo of a split-rail fence.,split-rail fence,4,912,1
n04606251,a photo of a shipwreck.,shipwreck,4,913,1
n04612504,a photo of a sailboat.,sailboat,4,914,1
n04613696,a photo of a yurt.,yurt,4,915,1
n06359193,a photo of a website.,website,4,916,1
n06596364,a photo of a comic book.,comic book,4,917,1
n06785654,a photo of a crossword.,crossword,4,918,1
n06794110,a photo of a traffic or street sign.,traffic or street sign,4,919,1
n06874185,a photo of a traffic light.,traffic light,4,920,1
n07248320,a photo of a dust jacket.,dust jacket,4,921,1
n07565083,a photo of a menu.,menu,4,922,1
n07579787,a photo of a plate.,plate,4,923,1
n07583066,a photo of a guacamole.,guacamole,4,924,1
n07584110,a photo of a consomme.,consomme,4,925,1
n07590611,a photo of a hot pot.,hot pot,4,926,1
n07613480,a photo of a trifle.,trifle,4,927,1
n07614500,a photo of a ice cream.,ice cream,4,928,1
n07615774,a photo of a popsicle.,popsicle,4,929,1
n07684084,a photo of a baguette.,baguette,4,930,1
n07693725,a photo of a bagel.,bagel,4,931,1
n07695742,a photo of a pretzel.,pretzel,4,932,1
n07697313,a photo of a cheeseburger.,cheeseburger,4,933,1
n07697537,a photo of a hot dog.,hot dog,4,934,1
n07711569,a photo of a mashed potatoes.,mashed potatoes,4,935,1
n07714571,a photo of a cabbage.,cabbage,4,936,1
n07714990,a photo of a broccoli.,broccoli,4,937,1
n07715103,a photo of a cauliflower.,cauliflower,4,938,1
n07716358,a photo of a zucchini.,zucchini,4,939,1
n07716906,a photo of a spaghetti squash.,spaghetti squash,4,940,1
n07717410,a photo of a acorn squash.,acorn squash,4,941,1
n07717556,a photo of a butternut squash.,butternut squash,4,942,1
n07718472,a photo of a cucumber.,cucumber,4,943,1
n07718747,a photo of a artichoke.,artichoke,4,944,1
n07720875,a photo of a bell pepper.,bell pepper,4,945,1
n07730033,a photo of a cardoon.,cardoon,4,946,1
n07734744,a photo of a mushroom.,mushroom,4,947,1
n07742313,a photo of a Granny Smith apple.,Granny Smith apple,4,948,1
n07745940,a photo of a strawberry.,strawberry,4,949,1
n07747607,a photo of a orange.,orange,4,950,1
n07749582,a photo of a lemon.,lemon,4,951,1
n07753113,a photo of a fig.,fig,4,952,1
n07753275,a photo of a pineapple.,pineapple,4,953,1
n07753592,a photo of a banana.,banana,4,954,1
n07754684,a photo of a jackfruit.,jackfruit,4,955,1
n07760859,a photo of a cherimoya (custard apple).,cherimoya (custard apple),4,956,1
n07768694,a photo of a pomegranate.,pomegranate,4,957,1
n07802026,a photo of a hay.,hay,4,958,1
n07831146,a photo of a carbonara.,carbonara,4,959,1
n07836838,a photo of a chocolate syrup.,chocolate syrup,4,960,1
n07860988,a photo of a dough.,dough,4,961,1
n07871810,a photo of a meatloaf.,meatloaf,4,962,1
n07873807,a photo of a pizza.,pizza,4,963,1
n07875152,a photo of a pot pie.,pot pie,4,964,1
n07880968,a photo of a burrito.,burrito,4,965,1
n07892512,a photo of a red wine.,red wine,4,966,1
n07920052,a photo of a espresso.,espresso,4,967,1
n07930864,a photo of a tea cup.,tea cup,4,968,1
n07932039,a photo of a eggnog.,eggnog,4,969,1
n09193705,a photo of a mountain.,mountain,4,970,1
n09229709,a photo of a bubble.,bubble,4,971,1
n09246464,a photo of a cliff.,cliff,4,972,1
n09256479,a photo of a coral reef.,coral reef,4,973,1
n09288635,a photo of a geyser.,geyser,4,974,1
n09332890,a photo of a lakeshore.,lakeshore,4,975,1
n09399592,a photo of a promontory.,promontory,4,976,1
n09421951,a photo of a sandbar.,sandbar,4,977,1
n09428293,a photo of a beach.,beach,4,978,1
n09468604,a photo of a valley.,valley,4,979,1
n09472597,a photo of a volcano.,volcano,4,980,1
n09835506,a photo of a baseball player.,baseball player,4,981,1
n10148035,a photo of a bridegroom.,bridegroom,4,982,1
n10565667,a photo of a scuba diver.,scuba diver,4,983,1
n11879895,a photo of a rapeseed.,rapeseed,4,984,1
n11939491,a photo of a daisy.,daisy,4,985,1
n12057211,a photo of a yellow lady's slipper.,yellow lady's slipper,4,986,1
n12144580,a photo of a corn.,corn,4,987,1
n12267677,a photo of a acorn.,acorn,4,988,1
n12620546,a photo of a rose hip.,rose hip,4,989,1
n12768682,a photo of a horse chestnut seed.,horse chestnut seed,4,990,1
n12985857,a photo of a coral fungus.,coral fungus,4,991,1
n12998815,a photo of a agaric.,agaric,4,992,1
n13037406,a photo of a gyromitra.,gyromitra,4,993,1
n13040303,a photo of a stinkhorn mushroom.,stinkhorn mushroom,4,994,1
n13044778,a photo of a earth star fungus.,earth star fungus,4,995,1
n13052670,a photo of a hen of the woods mushroom.,hen of the woods mushroom,4,996,1
n13054560,a photo of a bolete.,bolete,4,997,1
n13133613,a photo of a corn cob.,corn cob,4,998,1
n15075141,a photo of a toilet paper.,toilet paper,4,999,1